Section,h[mm],b[mm],tw[mm],tf[mm],hi[mm],r1[mm],d[mm],A[cm2],Iy[cm4],Iz[cm4],Ip[cm4],iy[mm],iz[mm],ip[mm],max Sy[cm3],max Sz[cm3],Wy[cm3],Wz[cm3],Ay[cm2],Az[cm2],It[cm4],"It,s[cm4]",Wt[cm3],max ω[cm2],Iω[cm6],iω[mm],Wω[cm4],max Sω[cm4],"Wpl,y[cm3]","Wpl,z[cm3]","Wpl,ω[cm4]","Wpl,y,webs[cm3]","Wpl,z,flanges[cm3]","αpl,y","αpl,z","αpl,ω","Apl,y[cm2]","Apl,z[cm2]",Npl[kN],"Vpl,y[kN]","Vpl,z[kN]","Mpl,y[kNm]","Mpl,z[kNm]",Nu[kN],G[kg/m],Am[m2/m],V[cm3/m],Am/V[1/m],Aw[cm2]
UB 127x76x13,127,76,4,7.6,111.8,7.6,96.6,16.5,473,56,529,53.5,18.4,56.6,42.08,5.5,75,15,9.78,4.57,2.85,349.94,3.75,22.69,2000,19.4,88.16,32.76,84.17,22.58,131.03,12.5,21.95,1.122,1.505,1.5,11.55,4.78,388.284,156.734,64.799,19.78,5.31,388.284,13,0.537,1650,325.426,4.47
UB 152x89x16,152.4,88.7,4.5,7.7,137,7.6,121.8,20.3,834,90,924,64.1,21,67.5,61.64,7.58,109,20,11.52,6.23,3.56,678.76,4.62,32.09,5000,23.3,155.83,54.79,123.28,31.18,219.15,21.12,30.29,1.131,1.559,1.5,13.66,6.51,477.603,185.332,88.346,28.97,7.33,477.603,15.9,0.638,2030,314.065,6.17
UB 178x102x19,177.8,101.2,4.8,7.9,162,7.6,146.8,24.3,1356,137,1493,74.8,23.7,78.5,85.64,10.12,153,27,13.45,7.8,4.41,992.75,5.58,42.98,10000,25.9,232.64,85.91,171.28,41.59,343.65,31.49,40.45,1.119,1.54,1.5,15.99,8.16,570.212,216.943,110.648,40.25,9.77,570.212,19.1,0.738,2430,303.602,7.78
UB 203x102x23,203.2,101.8,5.4,9.3,184.6,7.6,169.4,29.4,2105,164,2269,84.6,23.6,87.8,117.05,12.05,207,32,15.91,10.09,7.02,1414.57,7.55,49.35,15000,25.7,303.97,116.8,234.1,49.75,467.19,46,48.19,1.131,1.555,1.5,18.93,10.47,690.945,256.902,142.062,55.01,11.69,690.945,23.1,0.79,2940,268.623,9.97
UB 203x133x25,203.2,133.2,5.7,7.8,187.6,7.6,172.4,32,2340,308,2648,85.6,31,91,128.88,17.31,230,46,17.45,10.49,5.96,1618.4,7.64,65.07,29000,33.1,445.69,169.01,257.76,70.94,676.03,50.15,69.19,1.121,1.542,1.5,20.78,11.14,751.322,281.927,151.115,60.57,16.67,751.322,25.1,0.915,3200,285.86,10.69
UB 203x133x30,206.8,133.9,6.4,9.6,187.6,7.6,172.4,38.2,2896,385,3281,87.1,31.7,92.7,157.2,21.52,280,57,21.59,11.95,10.3,2047.56,10.73,66.01,37000,33.6,560.5,212.14,314.39,88.22,848.55,56.31,86.06,1.123,1.548,1.5,25.71,12.62,898.027,348.81,171.236,73.88,20.73,898.027,30,0.923,3820,241.715,12.01
UB 254x102x22,254,101.6,5.7,6.8,240.4,7.6,225.2,28,2841,119,2960,101,20.6,103.1,129.52,8.8,224,23,11.56,13.53,4.15,1730.72,6.1,62.79,18000,24.7,286.68,108.45,259.05,37.27,433.8,82.35,35.1,1.156,1.621,1.5,13.82,14.09,658.45,187.473,191.175,60.88,8.76,658.45,22,0.89,2800,317.84,13.7
UB 254x102x25,257.2,101.9,6,8.4,240.4,7.6,225.2,32,3415,149,3564,103,21.5,105.2,152.78,10.92,266,29,14.47,14.41,6.42,2225.58,7.64,63.38,23000,25.4,362.88,135.63,305.56,46.01,542.52,86.69,43.61,1.149,1.586,1.5,17.12,14.93,752.985,232.269,202.539,71.81,10.81,752.985,25.1,0.897,3200,280.298,14.42
UB 254x102x28,260.4,102.2,6.3,10,240.4,7.6,225.2,36.1,4005,179,4184,105,22.2,107.3,176.42,13.06,308,35,17.29,15.3,9.57,2695.34,9.57,63.98,28000,25.9,437.66,163.46,352.84,54.85,653.85,91.02,52.22,1.146,1.567,1.5,20.44,15.78,847.972,277.324,214.034,82.92,12.89,847.972,28.3,0.904,3610,250.402,15.15
UB 254x146x31,251.4,146.1,6,8.6,234.2,7.6,219,39.7,4413,448,4861,105,33.6,110.2,196.55,22.96,351,61,21.1,13.85,8.55,3102.14,9.94,88.68,66000,36.8,744.23,278.57,393.1,94.13,1114.26,82.27,91.78,1.12,1.543,1.5,25.13,14.57,932.478,340.946,197.655,92.38,22.12,932.478,31.2,1.062,3970,267.545,14.05
UB 254x146x37,256,146.4,6.3,10.9,234.2,7.6,219,47.2,5537,571,6108,108,34.8,113.5,241.63,29.19,433,78,26.78,14.8,15.3,4037.17,14.04,89.71,86000,37.5,958.68,357.88,483.26,119.37,1431.5,86.39,116.81,1.116,1.53,1.5,31.92,15.44,1108.46,433.017,209.503,113.57,28.05,1108.46,37.1,1.072,4720,227.109,14.75
UB 254x146x43,259.6,147.3,7.2,12.7,234.2,7.6,219,54.8,6544,677,7221,109,35.2,114.5,283.18,34.42,504,92,31.32,17.06,23.9,4749.36,18.82,90.92,103000,37.8,1132.85,425.22,566.36,141.08,1700.87,98.73,137.78,1.124,1.533,1.5,37.41,17.78,1287.22,507.626,241.191,133.1,33.15,1287.22,43,1.081,5480,197.254,16.86
UB 305x102x25,305.1,101.6,5.8,7,291.1,7.6,275.9,31.6,4455,123,4578,119,19.7,120.6,171.03,9.05,292,24,12,16.68,4.77,2601.31,6.81,75.72,27000,24.3,356.59,134.63,342.05,38.81,538.5,122.87,36.13,1.171,1.617,1.5,14.22,17.29,742.753,192.987,234.583,80.38,9.12,742.753,24.8,0.992,3160,313.909,16.88
UB 305x102x28,308.7,101.8,6,8.8,291.1,7.6,275.9,35.9,5366,155,5521,122,20.8,123.8,201.47,11.41,348,31,15.02,17.46,7.4,3402.38,8.41,76.32,35000,25.2,458.57,170.94,402.95,48.45,683.75,127.11,45.6,1.158,1.563,1.5,17.92,17.99,843.216,243.09,244.138,94.69,11.39,843.216,28.2,1,3590,278.427,17.47
UB 305x102x33,312.7,102.4,6.6,10.8,291.1,7.6,275.9,41.8,6501,194,6695,125,21.5,126.8,240.44,14.15,416,38,18.62,19.39,12.2,4199.08,11.3,77.29,44000,25.6,569.31,213.68,480.87,60.04,854.73,139.82,56.62,1.156,1.58,1.5,22.12,19.93,982.999,300.097,270.342,113,14.11,982.999,32.8,1.009,4180,241.328,19.21
UB 305x127x37,304.4,123.4,7.1,10.7,283,8.9,265.2,47.2,7171,336,7507,123,26.7,125.9,269.75,20.38,471,54,22.18,20.15,14.8,4717.57,13.83,90.61,72000,31,794.65,299.09,539.49,85.41,1196.35,142.16,81.47,1.145,1.582,1.5,26.41,20.85,1108.837,358.291,282.924,126.78,20.07,1108.837,37.1,1.073,4720,227.314,20.09
UB 305x127x42,307.2,124.3,8,12.1,283,8.9,265.2,53.4,8196,389,8585,124,27,126.9,306.78,23.37,534,63,25.36,22.84,21.1,5553.66,17.44,91.7,85000,31.5,926.91,344.81,613.56,98.41,1379.23,160.18,93.48,1.149,1.562,1.5,30.08,23.61,1255.007,408.125,320.307,144.19,23.13,1255.007,41.9,1.08,5340,202.307,22.64
UB 305x127x48,311,125.3,9,14,283,8.9,265.2,61.2,9575,461,10036,125,27.4,128,355.37,27.45,616,74,29.58,25.88,31.8,6556.96,22.71,93.04,102000,31.9,1096.36,408.01,710.74,116.07,1632.02,180.2,109.9,1.154,1.569,1.5,35.08,26.73,1439.092,476.01,362.665,167.02,27.28,1439.092,48,1.09,6120,178.092,25.47
UB 305x165x40,303.4,165,6,10.2,283,8.9,265.2,51.3,8503,764,9267,129,38.6,134.7,311.57,34.72,560,93,28.16,16.89,14.7,6027.82,14.41,120.95,164000,42.1,1355.99,508.88,623.13,141.73,2035.5,120.13,138.85,1.113,1.524,1.5,33.66,17.59,1206.113,456.69,238.684,146.44,33.31,1206.113,40.3,1.24,5130,241.622,16.98
UB 305x165x46,306.6,165.7,6.7,11.8,283,8.9,265.2,58.7,9899,896,10795,130,39,135.7,360.05,40.49,646,108,32.79,19,22.2,7135.39,18.81,122.12,195000,42.5,1596.78,596.95,720.1,165.53,2387.78,134.15,161.99,1.115,1.533,1.5,39.11,19.75,1380.628,530.569,267.984,169.22,38.9,1380.628,46.1,1.247,5870,212.491,18.96
UB 305x165x54,310.4,166.9,7.9,13.7,283,8.9,265.2,68.8,11696,1063,12759,130,39.3,135.8,423.07,47.67,754,127,38.35,22.53,34.8,8427.38,25.4,123.8,234000,42.8,1890.17,707.67,846.13,195.63,2830.68,158.18,190.81,1.122,1.54,1.5,45.73,23.44,1616.131,620.46,318.018,198.84,45.97,1616.131,54,1.257,6880,182.75,22.36
UB 356x171x45,351.4,171.1,7,9.7,332,12.7,306.6,57.8,12195,811,13006,145,37.5,149.8,391.36,35.59,694,95,27.8,22.93,16.9,8127.19,17.42,146.16,237000,42.7,1621.49,606.45,782.72,146.93,2425.81,192.89,141.98,1.128,1.547,1.5,33.19,23.92,1358.912,450.359,324.527,183.94,34.53,1358.912,45.4,1.351,5780,233.806,23.24
UB 356x171x51,355,171.5,7.4,11.5,332,12.7,306.6,65.4,14265,969,15234,148,38.5,152.9,452.05,42.35,804,113,33.09,24.46,25.1,9765.19,21.83,147.28,286000,43.3,1941.94,726.16,904.1,174.57,2904.64,203.91,169.12,1.125,1.545,1.5,39.45,25.42,1537.033,535.179,344.878,212.46,41.03,1537.033,51.3,1.359,6540,207.859,24.57
UB 356x171x57,358,172.2,8.1,13,332,12.7,306.6,73,16168,1109,17277,149,39,154,509.12,48.24,903,129,37.56,26.92,34.9,11169.56,26.85,148.52,330000,43.7,2221.89,831.21,1018.24,199.14,3324.82,223.2,192.74,1.128,1.544,1.5,44.77,27.94,1716.832,607.454,379.15,239.29,46.8,1716.832,57.3,1.367,7300,187.232,26.89
UB 356x171x67,363.4,173.2,9.1,15.7,332,12.7,306.6,86,19592,1362,20954,151,39.8,156.2,609.48,58.88,1078,157,45.58,30.55,57.7,13788.01,36.75,150.55,412000,44.3,2736.56,1023.48,1218.96,243.38,4093.93,250.76,235.49,1.131,1.55,1.5,54.38,31.64,2020.752,737.878,429.293,286.46,57.2,2020.752,67.5,1.38,8600,160.418,30.21
UB 406x140x39,398,141.8,6.4,8.6,380.8,12.7,355.4,50.1,12679,410,13089,159,28.6,161.6,366.5,21.72,637,58,20.47,24.09,11.6,7722.31,13.49,138.04,155000,34.4,1122.84,420.85,733,91.2,1683.4,232.01,86.46,1.151,1.572,1.5,24.39,24.92,1178.606,330.912,338.13,172.25,21.43,1178.606,39.3,1.329,5010,265.189,24.37
UB 406x140x46,403.2,142.2,6.8,11.2,380.8,12.7,355.4,59.1,15856,538,16394,164,30.2,166.8,448.47,28.38,787,76,26.7,25.91,20.2,10291.37,18.04,139.36,207000,35.5,1485.4,554.86,896.95,118.5,2219.44,246.51,113.24,1.14,1.559,1.5,31.85,26.66,1389.787,432.17,361.661,210.78,27.85,1389.787,46.4,1.34,5910,226.7,25.89
UB 406x140x53,406.6,143.3,7.9,12.9,380.8,12.7,355.4,68.4,18454,635,19089,164,30.5,166.8,520.15,33.16,908,89,31.09,30.22,30.4,12037.59,23.57,141.04,246000,35.9,1744.15,651.82,1040.29,139.33,2607.28,286.39,132.45,1.146,1.566,1.5,36.97,31.1,1608.511,501.618,421.988,244.47,32.74,1608.511,53.7,1.349,6840,197.192,30.08
UB 406x178x54,402.6,177.7,7.7,10.9,380.8,12.7,355.4,69.4,18893,1022,19915,165,38.4,169.4,531.98,43.11,939,115,32.52,29.03,24.3,12461.12,22.29,174.01,392000,44.4,2252.71,842.63,1063.96,178.67,3370.5,279.14,172.1,1.133,1.554,1.5,38.74,30.16,1632.142,525.595,409.215,250.03,41.99,1632.142,54.5,1.479,6940,213.083,29.32
UB 406x178x60,406.4,177.9,7.9,12.8,380.8,12.7,355.4,77,21767,1203,22970,168,39.5,172.6,604.39,50.69,1071,135,38.15,30.05,34.8,14768.2,27.19,175.05,466000,45,2662.04,996.55,1208.79,209.43,3986.18,286.39,202.55,1.129,1.551,1.5,45.54,31.09,1809.929,617.907,421.88,284.06,49.22,1809.929,60.4,1.487,7700,193.09,30.08
UB 406x178x67,409.4,178.8,8.8,14.3,380.8,12.7,355.4,86,24502,1365,25867,169,39.8,173.6,677.67,57.18,1197,153,42.87,33.62,47.9,16734.87,33.5,176.61,533000,45.4,3017.95,1128.91,1355.35,236.96,4515.63,319.02,228.58,1.132,1.549,1.5,51.14,34.77,2021.937,693.81,471.734,318.51,55.69,2021.937,67.5,1.495,8600,173.79,33.51
UB 406x178x74,412.8,179.5,9.5,16,380.8,12.7,355.4,95,27481,1546,29027,170,40.3,174.7,755.06,64.44,1331,172,48.21,36.49,64.9,18922.44,40.56,178.06,608000,45.8,3414.5,1278.5,1510.12,267.4,5114,344.4,257.76,1.135,1.555,1.5,57.44,37.7,2232.704,779.33,511.449,354.88,62.84,2232.704,74.6,1.503,9500,158.189,36.18
UB 406x178x85,417.2,181.9,10.9,18.2,380.8,12.7,355.4,109,31874,1831,33705,171,41,175.8,871.09,75.23,1528,201,55.63,42.09,95.7,22135.79,52.58,181.45,729000,46.5,4017.74,1501.72,1742.19,313.56,6006.89,395.15,301.1,1.14,1.56,1.5,66.21,43.49,2564.119,898.341,590.074,409.41,73.69,2564.119,85.6,1.518,10900,139.302,41.51
UB 457x152x52,449.8,152.4,7.6,10.9,428,12.7,402.6,67.1,21586,645,22231,179,31,181.7,553.27,31.73,960,85,27.9,32.34,22.6,13464.61,20.73,167.22,311000,37.4,1859.82,694.45,1106.54,133.68,2777.81,348.05,126.58,1.153,1.573,1.5,33.22,33.36,1577.881,450.763,452.571,260.04,31.42,1577.881,52.7,1.472,6710,219.403,32.53
UB 457x152x60,454.6,152.9,8.1,13.3,428,12.7,402.6,76.7,25717,795,26512,183,32.2,185.8,648.88,38.91,1131,104,34.19,34.78,35.4,16629.75,26.62,168.69,387000,38.2,2294.19,857.59,1297.77,163.44,3430.37,370.95,155.47,1.147,1.572,1.5,40.67,35.75,1803.203,551.819,484.983,304.98,38.41,1803.203,60.2,1.483,7670,193.324,34.67
UB 457x152x67,458,153.8,9,15,428,12.7,402.6,86,29144,913,30057,184,32.6,186.9,731.79,44.37,1273,119,38.83,38.8,49.6,19041.29,33.07,170.33,448000,38.6,2630.13,982.4,1463.57,187.09,3929.59,412.16,177.41,1.15,1.572,1.5,46.14,39.87,2022.238,626.015,540.945,343.94,43.97,2022.238,67.5,1.491,8600,173.418,38.52
UB 457x152x74,462,154.4,9.6,17,428,12.7,402.6,95,32891,1047,33938,186,33.2,188.9,818.54,50.63,1424,136,44.21,41.65,68.2,21834.95,40.12,171.77,518000,39.1,3015.66,1127.15,1637.08,213.55,4508.62,439.64,202.63,1.15,1.57,1.5,52.5,42.72,2231.952,712.252,579.613,384.71,50.19,2231.952,74.6,1.501,9500,157.958,41.09
UB 457x152x82,465.8,155.3,10.5,18.9,428,12.7,402.6,105,36806,1185,37991,187,33.6,190,911,56.91,1580,153,49.49,45.77,92,24622.57,48.68,173.51,591000,39.4,3406.16,1273.2,1821.99,240.83,5092.78,480.86,227.92,1.153,1.574,1.5,58.7,46.92,2468.347,796.472,636.659,428.17,56.6,2468.347,82.4,1.51,10500,143.809,44.94
UB 457x191x67,453.4,189.9,8.5,12.7,428,12.7,402.6,85.5,29597,1452,31049,186,41.1,190.5,740.76,57.31,1306,153,40.44,36.17,38.7,19610.3,30.47,209.22,705000,47.7,3369.62,1261.47,1481.52,237.71,5045.88,389.27,228.99,1.134,1.554,1.5,48.23,37.46,2021.171,654.434,508.24,348.16,55.86,2021.171,67.1,1.628,8550,190.362,36.38
UB 457x191x74,457,190.4,9,14.5,428,12.7,402.6,95.1,33536,1672,35208,188,41.9,192.6,831.61,65.74,1468,176,46.33,38.54,53.6,22632.52,36.97,210.63,818000,48.2,3883.59,1453.77,1663.22,272.51,5815.07,412.16,262.83,1.133,1.548,1.5,55.22,39.83,2235.524,749.156,540.335,390.86,64.04,2235.524,74.7,1.636,9510,172.008,38.52
UB 457x191x82,460,191.3,9.9,16,428,12.7,402.6,105,37268,1871,39139,188,42.2,192.7,920.89,73.2,1620,196,51.36,42.54,71.4,25279.65,44.63,212.34,922000,48.5,4342.03,1624.85,1841.78,304.33,6499.39,453.38,292.77,1.137,1.553,1.5,61.22,43.96,2467.046,830.562,596.383,432.82,71.52,2467.046,82.4,1.644,10500,156.533,42.37
UB 457x191x89,463.4,191.9,10.5,17.7,428,12.7,402.6,114,41232,2090,43322,190,42.8,194.8,1012.07,81.44,1780,218,57.04,45.35,93.3,28408.87,52.71,213.82,1040000,49,4863.8,1815.71,2024.14,338.82,7262.83,480.86,325.91,1.137,1.554,1.5,67.93,46.8,2685.234,921.691,634.949,475.67,79.63,2685.234,89.5,1.652,11400,144.877,44.94
UB 457x191x98,467.2,192.8,11.4,19.6,428,12.7,402.6,126,45944,2348,48292,191,43.2,195.8,1121.45,90.99,1967,244,63.52,49.51,124,31989.93,63.27,215.74,1180000,49.4,5469.47,2038.17,2242.91,379.37,8152.68,522.07,364.28,1.14,1.555,1.5,75.58,51.03,2955.413,1025.417,692.312,527.08,89.15,2955.413,98.9,1.661,12600,131.825,48.79
UB 457x191x106,469.2,194,12.6,20.6,428,12.7,402.6,135,49090,2515,51605,191,43.1,195.8,1199.61,96.81,2093,259,67.22,54.77,149,34029.12,72.33,217.57,1270000,49.6,5837.17,2173.75,2399.22,405.9,8695.01,577.03,387.65,1.146,1.567,1.5,79.93,56.52,3178.344,1084.442,766.897,563.82,95.39,3178.344,106,1.667,13500,123.511,53.93
UB 457x191x133,480.6,196.7,15.3,26.3,428,12.7,402.6,170,64058,3350,67408,194,44.3,199,1540.14,126.87,2666,341,87.28,67.5,298,45024.1,113.31,223.4,1730000,50.7,7743.89,2889.26,3080.27,535.28,11557.06,700.68,508.79,1.155,1.57,1.5,103.46,69.51,4003.01,1403.774,943.065,723.86,125.79,4003.01,133.4,1.696,17000,99.741,65.48
UB 457x191x161,492,199.4,18,32,428,12.7,402.6,206,79996,4251,84247,197,45.4,202.2,1894.45,158.39,3252,426,107.99,80.57,524,57039.91,163.75,229.31,2250000,51.7,9812.04,3657.95,3788.9,672.47,14631.81,824.33,636.17,1.165,1.579,1.5,127.62,82.8,4842.144,1731.46,1123.408,890.39,158.03,4842.144,161.7,1.724,20600,83.679,77.04
UB 533x165x66,524.7,165.1,8.9,11.4,501.9,12.7,476.5,83.7,35028,859,35887,205,32,207.5,780.57,38.94,1335,104,31.71,44.2,32,20893.24,28.07,211.86,566000,39.7,2671.52,996.9,1561.14,166.32,3987.59,560.49,155.37,1.169,1.599,1.5,37.64,45.68,1967.057,510.727,619.824,366.87,39.09,1967.057,65.7,1.67,8370,199.546,44.67
UB 533x165x74,529.1,165.9,9.7,13.6,501.9,12.7,476.5,95.2,41058,1040,42098,208,33,210.6,904.26,46.85,1552,125,38.05,48.5,47.9,25266.71,35.22,213.8,691000,40.5,3231.94,1205.98,1808.51,200.03,4823.92,610.87,187.16,1.165,1.6,1.5,45.12,50,2237.241,612.241,678.434,425,47.01,2237.241,74.7,1.681,9520,176.533,48.68
UB 533x165x85,534.9,166.5,10.3,16.5,501.9,12.7,476.5,108,48631,1275,49906,212,34.4,214.8,1053.69,57.18,1818,153,46.32,51.98,73.8,31109.8,44.73,215.78,857000,41.4,3971.56,1482.03,2107.38,243.13,5928.13,648.65,228.71,1.159,1.589,1.5,54.94,53.4,2538.784,745.479,724.452,495.23,57.14,2538.784,84.8,1.693,10800,156.796,51.7
UB 533x210x82,528.3,208.8,9.6,13.2,501.9,12.7,476.5,105,47539,2007,49546,213,43.8,217.5,1029.41,72.01,1800,192,46.26,47.72,51.5,30586.61,39.02,268.88,1330000,51.8,4946.4,1852.71,2058.82,300.36,7410.82,604.57,287.74,1.144,1.564,1.5,55.12,49.45,2460.409,747.897,670.919,483.82,70.59,2460.409,82.4,1.851,10500,176.266,48.18
UB 533x210x92,533.1,209.3,10.1,15.6,501.9,12.7,476.5,117,55227,2389,57616,217,45.1,221.6,1180.14,85.44,2072,228,54.82,50.61,75.7,36666.48,48.53,270.78,1600000,52.7,5908.81,2210.31,2360.29,355.58,8841.24,636.06,341.69,1.139,1.56,1.5,65.3,52.27,2758.575,885.995,709.151,554.67,83.56,2758.575,91.8,1.861,11700,159.094,50.69
UB 533x210x101,536.7,210,10.8,17.4,501.9,12.7,476.5,129,61519,2692,64211,219,45.7,223.7,1306.11,95.9,2292,256,61.35,54.37,101,41080,58.05,272.63,1810000,53.1,6638.97,2490.5,2612.21,399.45,9961.99,680.14,383.67,1.14,1.56,1.5,73.08,56.08,3023.93,991.53,760.938,613.87,93.87,3023.93,101.3,1.87,12900,144.961,54.21
UB 533x210x109,539.5,210.8,11.6,18.8,501.9,12.7,476.5,139,66822,2943,69765,219,46,223.8,1414.31,104.38,2477,279,66.58,58.57,126,44858.09,67.02,274.41,1990000,53.4,7251.95,2718.73,2828.63,435.78,10874.93,730.52,417.7,1.142,1.562,1.5,79.26,60.4,3263.536,1075.389,819.507,664.73,102.41,3263.536,109.1,1.877,13900,135.05,58.22
UB 533x210x122,544.5,211.9,12.7,21.3,501.9,12.7,476.5,155,76043,3388,79431,221,46.7,225.9,1597.9,119.43,2793,320,75.9,64.5,178,51931.02,83.57,277.17,2320000,54,8370.46,3127.44,3195.79,499.71,12509.77,799.79,478.2,1.144,1.562,1.5,90.27,66.45,3651.979,1224.751,901.527,751.01,117.43,3651.979,121.7,1.889,15500,121.897,63.74
UB 533x210x138,549.1,213.9,14.7,23.6,501.9,12.7,476.5,176,86088,3864,89952,221,46.8,225.9,1806.52,134.78,3136,361,85.02,74.89,250,58714.96,105.93,281.01,2670000,54.5,9501.4,3546.39,3613.04,568.41,14185.55,925.75,539.89,1.152,1.575,1.5,100.96,77.25,4139.12,1369.809,1048.087,849.07,133.58,4139.12,138.2,1.903,17600,108.102,73.78
UB 533x312x150,542.5,312,12.7,20.3,501.9,12.7,476.5,192,100633,10285,110918,229,73.2,240.4,2070.88,246.92,3710,659,106.13,63.34,216,72175.78,106.4,407.32,7010000,79.5,17210.22,6449.44,4141.75,1009.55,25797.77,799.79,988.04,1.116,1.532,1.5,126.67,66.32,4507.44,1718.652,899.804,973.31,237.25,4507.44,150.7,2.286,19200,119.052,63.74
UB 533x312x182,550.7,314.5,15.2,24.4,501.9,12.7,476.5,231,123222,12667,135889,231,74,242.6,2515.25,301.45,4475,806,128.71,76.44,373,88907.33,152.87,413.8,8770000,80.3,21193.64,7938.61,5030.51,1237.14,31754.44,957.23,1206.71,1.124,1.535,1.5,153.48,80,5432.2,2082.321,1085.386,1182.17,290.73,5432.2,181.3,2.307,23100,99.879,76.29
UB 533x312x219,560.3,317.4,18.3,29.2,501.9,12.7,476.5,279,150976,15589,166565,233,74.8,244.7,3054.64,367.26,5389,982,155.54,92.92,642,109625.98,219.86,421.43,11000000,81.3,26101.74,9764.57,6109.29,1514.52,39058.27,1152.46,1470.84,1.134,1.542,1.5,185.36,97.19,6547.146,2514.936,1318.665,1435.68,355.92,6547.146,219,2.332,27900,83.577,91.85
UB 533x312272,577.1,320.2,21.1,37.6,501.9,12.7,476.5,348,198578,20615,219193,239,77,251.1,3929.33,480.79,6882,1288,202.23,109.46,1288,146857.67,342.55,431.87,15000000,82.7,34732.69,12998.76,7858.66,1985.24,51995.04,1328.79,1927.53,1.142,1.541,1.5,240.79,113.83,8179.973,3266.979,1544.476,1846.79,466.54,8179.973,273.2,2.371,34800,68.132,105.9
UB 610x178x82,598.6,177.9,10,12.8,573,20,533,106,57487,1209,58696,233,33.7,235.4,1126.08,51.05,1921,136,38.35,56.69,57,33207.32,44.53,260.53,1040000,42.1,3991.79,1483.17,2252.16,220.13,5932.68,820.82,202.55,1.172,1.619,1.5,45.54,58.58,2497.961,617.907,794.798,529.26,51.74,2497.961,83.2,1.854,10600,174.949,57.3
UB 610x178x92,603,178.8,10.9,15,573,20,533,120,66195,1439,67634,235,34.7,237.5,1284.56,60.32,2196,161,45.25,62.14,81,38986.61,54,262.84,1240000,42.8,4717.77,1762.32,2569.12,260.2,7049.26,894.7,239.77,1.17,1.616,1.5,53.64,64.09,2809.444,727.773,869.583,603.74,61.15,2809.444,94.2,1.865,12000,155.422,62.46
UB 610x178x100,607.4,179.2,11.3,17.2,573,20,533,130,74145,1661,75806,239,35.8,241.7,1422.04,69.34,2441,185,52.04,64.84,107,45639.39,62.21,264.41,1450000,43.7,5483.92,2037.43,2844.07,297.93,8149.74,927.53,276.17,1.165,1.61,1.5,61.64,66.69,3051.419,836.38,904.867,668.36,70.02,3051.419,102.1,1.875,13000,144.205,64.75
UB 610x229x101,602.6,227.6,10.5,14.8,573,20,533,131,77398,2917,80315,243,47.2,247.5,1469.63,96.2,2569,256,56.53,59.66,86.7,48862.37,58.58,334.46,2520000,56,7534.57,2816.54,2939.26,402.46,11266.16,861.86,383.33,1.144,1.572,1.5,67.37,61.72,3078.228,914.053,837.387,690.73,94.58,3078.228,102.8,2.06,13100,157.272,60.17
UB 610x229x113,607.6,228.2,11.1,17.3,573,20,533,146,88936,3437,92373,247,48.5,251.7,1669.47,112.9,2927,301,66.29,63.51,123,57596.12,71.1,336.77,2990000,56.9,8878.56,3323.76,3338.94,471.54,13295.06,911.11,450.45,1.141,1.567,1.5,78.96,65.52,3431.329,1071.27,889.003,784.65,110.82,3431.329,114.6,2.071,14600,141.881,63.6
UB 610x229x125,612.2,229,11.9,19.6,573,20,533,161,100228,3935,104163,249,49.4,253.9,1867,128.69,3274,344,75.39,68.5,168,65993.64,85.71,339.26,3450000,57.6,10169.09,3806.88,3734.01,537.78,15227.5,976.78,513.92,1.141,1.563,1.5,89.77,70.52,3793.107,1217.948,956.788,877.49,126.39,3793.107,126.4,2.082,16100,129.333,68.19
UB 610x229x140,617.2,230.2,13.1,22.1,573,20,533,180,113395,4509,117904,251,50,255.9,2100.1,146.52,3674,392,85.55,75.78,233,75625.41,105.43,342.48,3990000,58.2,11650.31,4355.85,4200.2,613.93,17423.4,1075.28,585.56,1.143,1.566,1.5,101.75,77.96,4236.232,1380.495,1057.715,987.05,144.28,4236.232,141.3,2.095,18000,116.37,75.06
UB 610x305x149,612.4,304.8,11.8,19.7,573,20,533,191,126738,9309,136047,258,69.8,267.3,2312.44,228.98,4139,611,100.6,67.38,208,88115.83,105.58,451.64,8170000,77.5,18089.73,6779.71,4624.88,938.6,27118.84,968.57,915.09,1.117,1.536,1.5,120.09,69.94,4492.237,1629.365,948.908,1086.85,220.58,4492.237,149.9,2.386,19100,124.925,67.61
UB 610x305x179,620.2,307.1,14.1,23.6,573,20,533,229,153886,11410,165296,259,70.6,268.4,2789.33,278.29,4962,743,121.46,81.05,351,108962.83,148.73,458.04,10200000,78.6,22268.81,8299.17,5578.66,1145.3,33196.7,1157.36,1112.86,1.124,1.541,1.5,144.95,84.12,5386.153,1966.659,1141.326,1310.98,269.15,5386.153,179.8,2.406,22900,105.077,80.79
UB 610x305x238,635.8,311.4,18.4,31.4,573,20,533,304,210333,15839,226172,263,72.1,272.7,3758.76,380.26,6616,1017,164.15,107.26,803,150447.54,255.73,470.53,14500000,80.1,30816.61,11501.95,7517.52,1575.62,46007.79,1510.31,1522.43,1.136,1.549,1.5,195.56,111.21,7154.458,2653.295,1508.862,1766.62,370.28,7154.458,238.6,2.446,30400,80.463,105.43
UB 686x254x125,677.9,253,11.7,16.2,645.5,20,605.5,161,119448,4385,123833,272,52.2,277,2020.36,129.98,3524,347,68.82,74.83,124,75300.56,76.54,418.53,4800000,62.3,11468.84,4288.42,4040.73,544.11,17153.68,1218.76,518.47,1.147,1.568,1.5,81.97,77.42,3782.309,1112.174,1050.399,949.57,127.87,3782.309,126.4,2.31,16100,143.482,75.52
UB 686x254x140,683.5,253.7,12.4,19,645.5,20,605.5,180,137723,5186,142909,277,53.7,282.2,2302.35,153.12,4030,409,80.97,79.86,179,89179.87,94.21,421.46,5720000,63.3,13571.9,5078.9,4604.69,639.93,20315.59,1291.68,611.46,1.143,1.565,1.5,96.41,82.4,4227.692,1308.011,1117.954,1082.1,150.39,4227.692,141.3,2.323,18000,129.037,80.04
UB 686x254x152,687.5,254.5,13.2,21,645.5,20,605.5,196,151811,5786,157597,279,54.4,284.3,2523.52,170.21,4416,455,89.78,85.36,231,99456.28,110,424.06,6420000,63.8,15139.34,5665.98,5047.04,712.01,22663.92,1375.01,680.09,1.143,1.565,1.5,106.89,87.98,4595.42,1450.255,1193.662,1186.06,167.33,4595.42,153.9,2.332,19600,118.993,85.21
UB 686x254x170,692.9,255.8,14.5,23.7,645.5,20,605.5,218,171782,6633,178415,281,55.1,286.4,2838.68,193.93,4958,519,101.94,94.22,322,113832.32,135.86,427.95,7420000,64.5,17338.34,6486.13,5677.35,813.34,25944.5,1510.43,775.39,1.145,1.567,1.5,121.25,97.03,5130.062,1645.077,1316.531,1334.18,191.14,5130.062,171.1,2.346,21800,107.599,93.6
UB 762x267x134,750,264.4,12,15.5,719,20,679,172,152061,4790,156851,298,52.8,302.6,2341.81,135.85,4055,362,68.85,85.16,125,92810.71,80.65,485.5,6460000,64.2,13305.75,4974.24,4683.63,571.26,19896.95,1550.88,541.78,1.155,1.578,1.5,81.96,88.14,4034.898,1112.066,1195.86,1100.65,134.25,4034.898,135,2.499,17200,145.306,86.28
UB 762x267x147,754,265.2,12.8,17.5,719,20,679,188,169871,5457,175328,300,53.8,304.8,2597.49,154.2,4506,412,77.93,91.21,166,105663.49,94.86,488.3,7400000,65,15154.63,5665.49,5194.99,648.58,22661.98,1654.28,615.4,1.153,1.574,1.5,92.82,94.27,4425.186,1259.357,1279.057,1220.82,152.42,4425.186,147.6,2.509,18800,133.45,92.03
UB 762x267x173,762.2,266.7,14.3,21.6,719,20,679,221,206651,6852,213503,305,55.6,310,3118.57,192.25,5422,514,96.88,102.74,277,132560.96,128.24,493.8,9390000,66.3,19015.99,7111.54,6237.14,808.94,28446.15,1848.14,768.19,1.15,1.574,1.5,115.21,105.91,5204.902,1563.198,1436.901,1465.73,190.11,5204.902,173.5,2.528,22100,114.401,102.82
UB 762x267x197,769.8,268,15.6,25.4,719,20,679,252,241326,8177,249503,310,57,315.2,3603.02,228.06,6270,610,114.54,112.89,417,157715.4,164.17,498.75,11300000,67.3,22656.73,8487.69,7206.04,960.12,33950.77,2016.15,912.16,1.149,1.574,1.5,136.14,116.13,5916.402,1847.165,1575.572,1693.42,225.64,5916.402,197.8,2.546,25200,101.034,112.16
UB 838x292x176,834.9,291.7,14,18.8,797.3,20,757.3,225,247120,7800,254920,332,58.9,337.2,3418.25,200.29,5920,535,92.15,110.52,227,153573.25,120.74,595.14,13000000,71.4,21843.57,8159.32,6836.5,842.84,32637.29,2224.91,799.84,1.155,1.575,1.5,109.68,114.25,5281.743,1488.098,1550.168,1606.58,198.07,5281.743,176.6,2.774,22500,123.301,111.62
UB 838x292x194,840.7,292.4,14.7,21.7,797.3,20,757.3,248,280274,9068,289342,336,60.5,341.4,3834.45,232.12,6668,620,106.58,116.75,312,178454.87,143.78,598.69,15200000,72.5,25388.81,9496.82,7668.91,974.78,37987.3,2336.15,927.65,1.15,1.572,1.5,126.9,120.39,5817.625,1721.767,1633.46,1802.19,229.08,5817.625,194.7,2.787,24800,112.39,117.2
UB 838x292x226,850.9,293.8,16.1,26.8,797.3,20,757.3,289,340802,11361,352163,343,62.7,348.7,4591.81,289.11,8010,773,132.32,129.09,522,224655.29,194.78,605.3,19300000,74,31884.94,11915.12,9183.61,1212.63,47660.47,2558.64,1156.67,1.147,1.569,1.5,157.48,132.68,6798.454,2136.603,1800.168,2158.15,284.98,6798.454,226.9,2.81,28900,97.248,128.37
UB 914x305x201,903,303.3,15.1,20.2,862.6,19.1,824.4,256,325254,9423,334677,357,60.7,362.1,4176.01,232.53,7204,621,103.03,129.03,291,201350.72,144.06,669.38,18400000,74.1,27488,10252.71,8352.02,981.98,41010.83,2808.9,929.11,1.159,1.581,1.5,122.53,133.3,6014.49,1662.498,1808.617,1962.73,230.77,6014.49,201,2.956,25600,115.477,130.25
UB 914x305x224,910.4,304.1,15.9,23.9,862.6,19.1,824.4,286,376414,11236,387650,363,62.7,368.4,4767.65,276.35,8269,739,122.16,136.86,422,240271.73,176.57,673.96,22100000,75.5,32791.18,12245.87,9535.3,1163.44,48983.46,2957.71,1105.1,1.153,1.574,1.5,145.36,140.95,6713.084,1972.203,1912.419,2240.79,273.42,6713.084,224.5,2.973,28600,103.937,137.15
UB 914x305x253,918.4,305.5,17.3,27.9,862.6,19.1,824.4,323,436305,13301,449606,368,64.2,373.6,5471.39,325.34,9501,871,143.34,149.87,626,284511.9,224.37,680.12,26400000,76.6,38816.72,14492.41,10942.78,1370.54,57969.63,3218.14,1301.96,1.152,1.574,1.5,170.47,154.06,7586.946,2312.878,2090.197,2571.55,322.08,7586.946,253.6,2.991,32300,92.613,149.23
UB 914x305x289,926.6,307.7,19.5,32,862.6,19.1,824.4,368,504187,15597,519784,370,65.1,375.7,6285.24,378.31,10883,1014,165.82,169.79,926,331195.66,289.38,688.17,31200000,77.5,45337.57,16940.02,12570.48,1601.26,67760.07,3627.38,1514.87,1.155,1.579,1.5,196.93,174.45,8654.696,2671.866,2366.85,2954.06,376.3,8654.696,288.9,3.012,36800,81.854,168.21
UB 914x419x343,911.8,418.5,19.4,32,847.8,24.1,799.6,437,625780,39156,664936,378,94.6,389.7,7739.08,700.49,13726,1871,224.65,164.78,1193,434274.08,372.81,920.49,75800000,106.8,82347.38,30818.03,15478.17,2889.57,123272.12,3486.01,2802.28,1.128,1.544,1.5,267.84,170.68,10277.213,3633.981,2315.757,3637.37,679.06,10277.213,343,3.417,43700,78.202,164.47
UB 914x419x388,921,420.5,21.4,36.6,847.8,24.1,799.6,494,719635,45438,765073,382,95.9,393.9,8833.23,808.46,15627,2161,258.17,182.93,1734,504679.5,473.77,929.73,88900000,107.8,95619.62,35771.89,17666.45,3340.89,143087.54,3845.39,3235.81,1.131,1.546,1.5,307.81,189.26,11614.88,4176.229,2567.851,4151.62,785.12,11614.88,387.8,3.44,49400,69.632,181.43
UB 1016x305x222,970.3,300,16,21.1,928.1,30,868.1,283,407961,9546,417507,380,58.1,384.4,4904.65,238.72,8409,636,106.56,147.07,390,240451.97,184.83,711.9,21500000,71.8,30200.87,11265.82,9809.3,1020.26,45063.27,3445.48,949.5,1.167,1.604,1.5,126.6,151.87,6647.376,1717.675,2060.558,2305.19,239.78,6647.376,222.2,3.057,28300,108.025,148.5
UB 1016x305x249,980.1,300,16.5,26,928.1,30,868.1,317,481192,11754,492946,390,60.9,394.7,5675.26,293.46,9819,784,131.25,153.17,582,300139.31,223.85,715.57,26800000,73.7,37452.4,13953.71,11350.52,1244.72,55814.85,3553.15,1170,1.156,1.588,1.5,156,157.43,7447.328,2116.566,2135.92,2667.37,292.53,7447.328,248.8,3.076,31700,97.025,153.14
UB 1016x305x272,990.1,300,16.5,31,928.1,30,868.1,347,553974,14004,567978,400,63.5,405,6414.08,349.19,11190,934,156.41,154.66,835,359614.08,269.35,719.32,32200000,75.3,44764.19,16724.31,12828.17,1469.72,66897.23,3553.15,1395,1.146,1.574,1.5,186,158.25,8152.328,2523.598,2147.114,3014.62,345.4,8152.328,272.4,3.096,34700,89.213,153.14
UB 1016x305x314,999.9,300,19.1,35.9,928.1,30,868.1,400,644063,16232,660295,401,63.7,406,7425.35,403.91,12883,1082,181.54,179.98,1264,421430.65,352.09,723,37700000,75.6,52143.85,19466.77,14850.71,1712.7,77867.1,4113.04,1615.5,1.153,1.583,1.5,215.4,184.12,9410.297,2922.489,2498.145,3489.92,402.51,9410.297,314,3.11,40000,77.752,177.27
UB 1016x305x349,1008.1,302,21.1,40,928.1,30,868.1,445,723131,18460,741591,403,64.4,408.1,8296.88,455.62,14346,1223,203.93,199.9,1718,478562.71,429.5,730.92,43300000,76.4,59240.77,22073.65,16593.76,1940.71,88294.59,4543.72,1824.08,1.157,1.587,1.5,241.6,204.27,10462.204,3277.964,2771.468,3899.53,456.09,10462.204,349.3,3.13,44500,70.348,195.83
UB 1016x305x393,1015.9,303,24.4,43.9,928.1,30,868.1,500,807503,20496,827999,402,64,407.1,9269.5,502.99,15897,1353,225.38,231.87,2330,531592.37,530.75,736.29,48400000,76.5,65734.97,24484.77,18539,2167.95,97939.09,5254.35,2015.21,1.166,1.602,1.5,266.03,237.17,11756.144,3609.478,3217.832,4356.66,509.49,11756.144,392.5,3.143,50000,62.87,226.46
UB 1016x305x437,1026.1,305.4,26.9,49,928.1,30,868.1,557,910322,23447,933769,404,64.9,409.2,10385.01,569.68,17743,1535,254.2,257.13,3185,604369.52,650,746.02,55900000,77.4,74931.38,27909.57,20770.01,2468.56,111638.29,5792.71,2285.09,1.171,1.608,1.5,299.29,262.84,13082.966,4060.713,3566.141,4880.95,580.14,13082.966,437.2,3.168,55700,56.885,249.66
UB 1016x305x487,1036.3,308.5,30,54.1,928.1,30,868.1,620,1021884,26721,1048605,406,65.7,411.3,11604.22,641.09,19722,1732,284.49,288.29,4299,683592,794.64,757.52,64400000,78.4,85014.06,31607.31,23208.43,2800,126429.24,6460.27,2574.41,1.177,1.617,1.5,333.8,294.66,14569.954,4528.868,3997.868,5453.98,658.03,14569.954,486.7,3.195,62000,51.534,278.43
